query	RS_Number	Coord	R2	ENSG	gene	signal	pval_joint	eqtl_variant
rs12774134	rs35767584	chr10:5041296	0.9055	ENSG00000238840	U8	1:1	1.16788e-13	10_5041296_C_A
rs7924036	rs10761772	chr10:65235829	0.9162	ENSG00000171988	JMJD1C	1:1	1.59251e-13	10_65235829_G_T
rs10502148	rs12223294	chr11:111703519	0.8004	ENSG00000254445	HSPB2-C11orf52	1:1	1.66672e-42	11_111703519_A_G
rs11231156	rs1061093	chr11:62334908	0.9818	ENSG00000255508	MIR3654	1:1	1.99478e-141	11_62334908_G_C
rs11231156	rs1801144	chr11:62381808	0.9368	ENSG00000149499	EML3	1:1	1.24788e-109	11_62381808_G_C
rs7107409	rs7942368	chr11:76465362	0.9526	ENSG00000182704	TSKU	3:3	1.90846e-10	11_76465362_C_T
rs7133378	rs7133378	chr12:124409502	1	ENSG00000270005	RP11-380L11.3	1:4	1.15839e-35	12_124409502_G_A
rs7133378	rs7133378	chr12:124409502	1	ENSG00000178882	FAM101A	1:2	1.18222e-12	12_124409502_G_A
rs7133378	rs10846580	chr12:124415453	0.897	ENSG00000250091	DNAH10OS	1:2	1.658e-51	12_124415453_T_C
rs7133378	rs952632	chr12:124469738	0.876	ENSG00000179195	ZNF664	2:5	1.25349e-91	12_124469738_A_G
rs76895963	rs76895963	chr12:4384844	1	ENSG00000256164	RP11-264F23.3	1:1	1.18489e-22	12_4384844_T_G
rs2694917	rs7298123	chr12:56860073	0.8497	ENSG00000135517	MIP	1:1	1.30775e-10	12_56860073_C_T
rs2694917	rs1043011	chr12:56865040	0.8245	ENSG00000257576	RP11-153M3.1	1:1	1.9538e-09	12_56865040_G_T
rs75073260	rs112740904	chr13:114631075	0.8164	ENSG00000272695	GAS6-AS2	1:1	1.57786e-11	13_114631075_T_G
rs56399737	rs17594908	chr13:33363565	0.8961	ENSG00000244754	N4BP2L2	1:1	1.2999e-10	13_33363565_A_G
rs10507524	rs4942279	chr13:44690330	0.9332	ENSG00000102804	TSC22D1	1:3	1.42557e-24	13_44690330_A_G
rs3803286	rs62008982	chr14:103261735	0.8822	ENSG00000131323	TRAF3	1:1	1.61516e-30	14_103261735_A_G
rs7157709	rs28674046	chr14:30166442	0.9355	ENSG00000184304	PRKD1	1:1	1.80488e-17	14_30166442_C_T
rs1190982	rs8009579	chr14:58713559	0.8957	ENSG00000257621	RP11-349A22.5	4:4	1.61592e-18	14_58713559_G_A
rs1190982	rs7154076	chr14:58762282	0.8911	ENSG00000268466	AL132989.1	1:1	1.26808e-27	14_58762282_C_T
rs1542313	rs1453008	chr14:64979522	0.9565	ENSG00000259116	RP11-973N13.4	1:1	1.91611e-15	14_64979522_G_A
rs1105881	rs1531140	chr15:42125234	0.8356	ENSG00000168970	JMJD7-PLA2G4B	1:3	1.84661e-136	15_42125234_C_T
rs35697691	rs72732987	chr15:52382478	0.8416	ENSG00000069956	MAPK6	1:1	1.38486e-10	15_52382478_G_T
rs7102	rs11644920	chr16:11645013	0.808	ENSG00000189067	LITAF	1:3	1.41098e-411	16_11645013_A_T
rs8049439	rs8049439	chr16:28837515	1	ENSG00000251417	RP11-1348G14.4	1:2	1.49037e-72	16_28837515_T_C
rs8049439	rs62036658	chr16:28850371	0.8885	ENSG00000168488	ATXN2L	1:3	1.7676e-110	16_28850371_T_G
rs8049439	rs62037363	chr16:28865042	0.9354	ENSG00000261766	RP11-22P6.2	1:1	1.9087e-16	16_28865042_T_C
rs34898535	rs2288004	chr16:31054040	0.9311	ENSG00000167394	ZNF668	1:1	1.10653e-19	16_31054040_G_C
rs12325187	rs62034711	chr16:3355565	0.9321	ENSG00000262118	RP11-433P17.3	1:1	1.97103e-17	16_3355565_C_T
rs12325187	rs17611866	chr16:3367229	0.9321	ENSG00000140993	TIGD7	1:1	1.0568e-137	16_3367229_T_C
rs412243	rs412243	chr16:339672	1	ENSG00000103126	AXIN1	1:1	1.5179e-16	16_339672_T_C
rs11574514	rs78962063	chr16:68052481	0.8888	ENSG00000167264	DUS2	1:2	1.38171e-17	16_68052481_T_C
rs9646447	rs11657348	chr17:21113836	0.8674	ENSG00000109016	DHRS7B	1:1	1.22844e-25	17_21113836_A_G
rs11078883	rs12603592	chr17:2119818	0.8646	ENSG00000236838	AC090617.1	1:1	1.89637e-09	17_2119818_A_T
rs931992	rs2271308	chr17:37817482	0.8012	ENSG00000173991	TCAP	1:1	1.53676e-07	17_37817482_T_C
rs931992	rs2517957	chr17:37838716	0.8275	ENSG00000141736	ERBB2	1:2	1.14216e-16	17_37838716_G_A
rs3826331	rs3935280	chr17:38189055	0.8435	ENSG00000008838	MED24	1:2	1.42347e-165	17_38189055_A_G
rs4375701	rs9901869	chr17:45575206	0.8252	ENSG00000141279	NPEPPS	2:2	1.30785e-15	17_45575206_G_A
rs11871767	rs8078462	chr17:61857937	0.9748	ENSG00000136490	LIMD2	1:1	1.58432e-08	17_61857937_T_G
rs9646410	rs222857	chr17:7164563	0.8173	ENSG00000181856	SLC2A4	1:1	1.28695e-32	17_7164563_C_T
rs4789261	rs72868727	chr17:74208853	0.9314	ENSG00000267128	RNF157-AS1	1:3	1.40454e-42	17_74208853_G_A
rs80076900	rs80076900	chr19:10056320	1	ENSG00000080573	COL5A3	2:3	1.54659e-10	19_10056320_C_T
rs16978854	rs189556314	chr19:13106791	0.9409	ENSG00000008441	NFIX	1:2	1.09872e-11	19_13106791_C_T
rs8102873	rs1567518	chr19:57480893	0.8397	ENSG00000198300	PEG3	1:3	1.26739e-76	19_57480893_A_G
rs8102873	rs1567518	chr19:57480893	0.8397	ENSG00000269699	ZIM2	1:1	1.40991e-12	19_57480893_A_G
rs8101064	rs10427109	chr19:7293560	0.9777	ENSG00000171105	INSR	2:3	1.32615e-19	19_7293560_C_T
rs112921632	rs72992520	chr19:7661890	0.8285	ENSG00000076826	CAMSAP3	1:1	1.74266e-36	19_7661890_G_C
rs149764880	rs12567136	chr1:11883731	0.9835	ENSG00000011021	CLCN6	1:2	1.04252e-79	1_11883731_C_T
rs10888393	rs10788792	chr1:150638572	0.8267	ENSG00000143452	HORMAD1	1:1	1.50499e-87	1_150638572_T_G
rs10888393	rs7518156	chr1:150945794	0.8603	ENSG00000143379	SETDB1	1:1	1.29969e-18	1_150945794_A_C
rs3738476	rs3738476	chr1:151006539	1	ENSG00000143363	PRUNE	1:2	1.57308e-16	1_151006539_C_A
rs2282227	rs12742691	chr1:154258864	0.9865	ENSG00000143569	UBAP2L	1:1	1.46977e-18	1_154258864_C_T
rs78886584	rs78886584	chr1:16859325	1	ENSG00000261135	RP4-798A10.7	1:1	1.54138e-15	1_16859325_A_G
rs9435732	rs56047197	chr1:17338460	0.8838	ENSG00000159363	ATP13A2	1:1	1.6987e-11	1_17338460_G_A
rs2678204	rs2644109	chr1:201797535	0.972	ENSG00000134375	TIMM17A	2:3	1.92518e-29	1_201797535_C_T
rs2678204	rs2820315	chr1:201872264	0.8995	ENSG00000163431	LMOD1	1:2	1.7818e-151	1_201872264_C_T
rs635084	rs2057044	chr1:210477579	0.9234	ENSG00000203706	SERTAD4-AS1	2:2	1.09199e-13	1_210477579_A_T
rs2273967	rs7529464	chr1:230412836	0.9779	ENSG00000224407	RP5-956O18.3	5:6	1.0389e-09	1_230412836_G_C
rs72657272	rs143624937	chr1:31525609	0.9347	ENSG00000134644	PUM1	1:1	1.01832e-32	1_31525609_G_A
rs41313250	rs41313250	chr1:62483623	1	ENSG00000132849	INADL	1:3	1.51211e-60	1_62483623_A_G
rs650194	rs500647	chr1:71413498	0.9823	ENSG00000269933	RP3-333A15.2	1:2	1.84764e-17	1_71413498_G_A
rs1365297	rs771458	chr1:93822349	0.993	ENSG00000117505	DR1	2:2	1.05649e-07	1_93822349_G_C
rs6047259	rs6082331	chr20:21108350	0.9665	ENSG00000088970	PLK1S1	1:1	1.40266e-79	20_21108350_A_G
rs1406948	rs6142376	chr20:33992761	0.9377	ENSG00000101019	UQCC1	1:1	1.22118e-72	20_33992761_T_A
rs4371408	rs6013454	chr20:51028070	0.9788	ENSG00000182463	TSHZ2	2:4	1.4989e-15	20_51028070_A_C
rs62218301	rs56897391	chr21:36743730	0.8773	ENSG00000159216	RUNX1	1:1	1.34578e-07	21_36743730_A_T
rs2294239	rs12321	chr22:29453193	0.8927	ENSG00000183579	ZNRF3	1:2	1.14632e-16	22_29453193_G_C
rs5753082	rs5753060	chr22:30712389	0.9948	ENSG00000239282	GATSL3	1:2	1.0087e-77	22_30712389_G_A
rs9610329	rs9610329	chr22:36042986	1	ENSG00000128313	APOL5	1:2	1.97239e-65	22_36042986_C_T
rs9610329	rs9610329	chr22:36042986	1	ENSG00000221963	APOL6	1:1	1.56635e-190	22_36042986_C_T
rs9610329	rs9610329	chr22:36042986	1	ENSG00000100320	RBFOX2	1:1	1.20472e-43	22_36042986_C_T
rs4821764	rs2277844	chr22:38577515	0.9365	ENSG00000184381	PLA2G6	2:4	1.97845e-69	22_38577515_G_A
rs19573	rs28604950	chr22:41785812	0.8498	ENSG00000100412	ACO2	1:1	1.29575e-42	22_41785812_A_G
rs19573	rs9607816	chr22:41950897	0.9486	ENSG00000184208	C22orf46	1:1	1.15564e-19	22_41950897_G_A
rs19573	rs132770	chr22:42017264	0.8002	ENSG00000183864	TOB2	1:1	1.81633e-10	22_42017264_A_G
rs738409	rs2294915	chr22:44340904	0.8526	ENSG00000100344	PNPLA3	1:2	1.7e-12	22_44340904_C_T
rs10182505	rs10208406	chr2:10197615	0.947	ENSG00000260077	RP11-254F7.2	5:8	1.26085e-19	2_10197615_T_C
rs3087523	rs3087523	chr2:105977776	1	ENSG00000135974	C2orf49	1:1	1.27832e-10	2_105977776_G_A
rs954244	rs7578604	chr2:121308660	1	ENSG00000163083	INHBB	2:2	1.23399e-17	2_121308660_G_T
rs954244	rs35982483	chr2:121318547	0.8636	ENSG00000237614	AC073257.2	1:2	1.78016e-42	2_121318547_G_A
rs4668313	rs6751667	chr2:171631140	1	ENSG00000239467	AC007405.6	1:1	1.13235e-11	2_171631140_C_A
rs2373078	rs2373078	chr2:218392555	1	ENSG00000115461	IGFBP5	2:3	1.29857e-13	2_218392555_C_T
rs78058190	rs78058190	chr2:219699999	1	ENSG00000115596	WNT6	1:2	1.54356e-29	2_219699999_G_A
rs2138157	rs2943647	chr2:227099975	0.9789	ENSG00000272622	RP11-395N3.2	1:1	1.26408e-32	2_227099975_T_C
rs2138157	rs2138157	chr2:227103717	1	ENSG00000169047	IRS1	1:1	1.10433e-87	2_227103717_A_C
rs59104589	rs1476698	chr2:242296449	0.9525	ENSG00000168385	SEPT2	4:6	1.7881e-21	2_242296449_A_G
rs12467407	rs12467407	chr2:30507340	1	ENSG00000256261	AC104698.1	2:2	1.25924e-13	2_30507340_C_T
rs9677759	rs14170	chr2:61415492	0.8006	ENSG00000273302	RP11-493E12.2	1:2	1.47784e-27	2_61415492_A_G
rs13408397	rs9309428	chr2:69693006	0.813	ENSG00000198380	GFPT1	2:3	1.21564e-19	2_69693006_C_T
rs2293251	rs3732837	chr3:138121920	0.992	ENSG00000158186	MRAS	2:2	1.06175e-08	3_138121920_A_T
rs10049088	rs13322435	chr3:156795468	0.9088	ENSG00000163659	TIPARP	1:1	1.88915e-231	3_156795468_A_G
rs10049088	rs10049090	chr3:156797702	0.9201	ENSG00000197980	LEKR1	2:3	1.87352e-08	3_156797702_G_A
rs143257534	rs143257534	chr3:186551888	1	ENSG00000181092	ADIPOQ	2:2	1.07497e-14	3_186551888_C_T
rs143257534	rs143257534	chr3:186551888	1	ENSG00000226482	ADIPOQ-AS1	2:2	1.08996e-16	3_186551888_C_T
rs143257534	rs143784260	chr3:186555113	1	ENSG00000231982	RP11-573D15.1	2:3	1.24599e-11	3_186555113_C_T
rs143257534	rs115527175	chr3:186562693	1	ENSG00000232233	RP11-573D15.2	1:3	1.23034e-24	3_186562693_C_T
rs2300669	rs17037664	chr3:38462360	0.8476	ENSG00000093217	XYLB	1:1	1.57487e-11	3_38462360_T_G
rs4283605	rs13086611	chr3:49385417	0.9214	ENSG00000145029	NICN1	2:2	1.05271e-07	3_49385417_A_T
rs4283605	rs9858542	chr3:49701983	1	ENSG00000164062	APEH	1:1	1.64274e-46	3_49701983_G_A
rs11235	rs3774349	chr3:52722335	0.8103	ENSG00000114904	NEK4	1:1	1.2075e-30	3_52722335_A_C
rs2167750	rs12642973	chr4:89721604	0.8017	ENSG00000248019	FAM13A-AS1	2:2	1.25139e-29	4_89721604_G_A
rs2167750	rs10020704	chr4:89725466	0.9802	ENSG00000138640	FAM13A	2:3	1.76731e-56	4_89725466_A_C
rs11724804	rs4690196	chr4:960713	0.9329	ENSG00000145214	DGKQ	1:4	1.78444e-166	4_960713_G_A
rs17154889	rs34377	chr5:102400556	0.8402	ENSG00000175749	EIF3KP1	1:1	1.93977e-100	5_102400556_C_T
rs17154889	rs246916	chr5:102557515	0.8266	ENSG00000145725	PPIP5K2	1:1	1.24738e-70	5_102557515_T_C
rs3203922	rs7703744	chr5:118732187	0.9846	ENSG00000145779	TNFAIP8	1:2	1.22536e-69	5_118732187_C_G
rs4836533	rs10477645	chr5:122738682	0.9194	ENSG00000250539	KRT8P33	1:1	1.16827e-10	5_122738682_T_C
rs11747001	rs7730930	chr5:132386684	1	ENSG00000170606	HSPA4	2:2	1.59864e-77	5_132386684_G_T
rs10055995	rs2286057	chr5:137766440	0.9959	ENSG00000132563	REEP2	2:2	1.68537e-24	5_137766440_A_G
rs10463416	rs10875646	chr5:148564757	0.9956	ENSG00000253406	AC012613.2	1:1	1.38949e-27	5_148564757_A_C
rs56364564	rs17696147	chr5:173373143	0.9425	ENSG00000113742	CPEB4	1:1	1.83217e-14	5_173373143_T_C
rs163321	rs163321	chr5:178746447	1	ENSG00000087116	ADAMTS2	1:6	1.57584e-36	5_178746447_A_G
rs11738093	rs3776706	chr5:53304933	1	ENSG00000134363	FST	1:2	1.44032e-24	5_53304933_T_G
rs72959041	rs72959041	chr6:127454893	1	ENSG00000146374	RSPO3	1:2	1.31935e-54	6_127454893_G_A
rs540973884	rs17585915	chr6:139835604	0.917	ENSG00000164442	CITED2	1:1	1.85859e-08	6_139835604_T_G
rs12201678	rs12201678	chr6:25978993	1	ENSG00000272810	U91328.22	1:1	1.10712e-57	6_25978993_C_T
rs13198178	rs13198178	chr6:41702227	1	ENSG00000112561	TFEB	2:3	1.66763e-29	6_41702227_G_C
rs11770285	rs78968481	chr7:107612784	1	ENSG00000091136	LAMB1	2:2	1.2041e-26	7_107612784_C_T
rs972283	rs972283	chr7:130466854	1	ENSG00000231721	MKLN1-AS1	3:3	1.06057e-07	7_130466854_A_G
rs357438	rs357438	chr7:138023288	1	ENSG00000122779	TRIM24	1:2	1.32615e-152	7_138023288_G_C
rs62492368	rs6977081	chr7:150542515	0.876	ENSG00000002726	AOC1	1:4	1.03704e-29	7_150542515_G_T
rs702485	rs836483	chr7:6427741	0.8042	ENSG00000136238	RAC1	2:5	1.82676e-74	7_6427741_A_G
rs28441684	rs34577323	chr7:66310041	0.9756	ENSG00000273142	RP11-458F8.4	1:4	1.0522e-244	7_66310041_G_C
rs28441684	rs28648401	chr7:66367132	0.9804	ENSG00000230295	RP11-458F8.2	1:1	1.51726e-17	7_66367132_T_C
rs28441684	rs4718424	chr7:66376095	0.9755	ENSG00000232546	RP11-458F8.1	1:1	1.79754e-25	7_66376095_G_A
rs4727295	rs200613981	chr7:76638755	0.994	ENSG00000241350	PMS2P11	1:1	1.6031e-82	7_76638755_C_A
rs13234914	rs1468396	chr7:84643764	0.9776	ENSG00000153993	SEMA3D	1:1	1.80037e-08	7_84643764_T_C
rs10096213	rs10110651	chr8:36847115	1	ENSG00000147475	ERLIN2	1:1	1.60686e-16	8_36847115_T_C
rs10096213	rs4286946	chr8:36849946	0.9921	ENSG00000254038	RP11-419C23.1	1:2	1.43691e-26	8_36849946_C_G
rs10958704	rs930828	chr8:38326404	0.951	ENSG00000077782	FGFR1	1:2	1.66348e-37	8_38326404_T_C
rs821100	rs1700138	chr8:89461024	0.8305	ENSG00000156103	MMP16	1:2	1.55038e-73	8_89461024_T_C
rs28542498	rs7016498	chr8:92050604	0.9713	ENSG00000155099	TMEM55A	1:2	1.39479e-61	8_92050604_T_G
rs4979236	rs17763934	chr9:116045088	0.8423	ENSG00000136875	PRPF4	1:1	1.17848e-125	9_116045088_A_G
rs2381400	rs2381400	chr9:35776419	1	ENSG00000159899	NPR2	1:2	1.37236e-16	9_35776419_G_A
rs10992854	rs10992854	chr9:96437565	1	ENSG00000131668	BARX1	2:2	1.93434e-12	9_96437565_T_C
rs6477495	rs10991379	chr9:99261204	0.8934	ENSG00000081377	CDC14B	1:2	1.76522e-30	9_99261204_T_C
